epoch,steps,cls_loss,mean_source_val_macro_f1,mean_source_val_accuracy,worst_source_domain,worst_source_macro_f1,val_macro_f1_photo,val_accuracy_photo,val_macro_f1_art_painting,val_accuracy_art_painting,val_macro_f1_cartoon,val_accuracy_cartoon
0,234,0.4627810093200105,93.41381158421564,93.21622209863928,art_painting,91.4320115819099,97.12516456474951,97.5975975975976,91.4320115819099,91.21951219512195,91.6842586059875,90.8315565031983
1,234,0.22096940376756027,91.64963685091618,92.05375535189877,art_painting,88.95401250162837,93.32994530093997,94.29429429429429,88.95401250162837,89.75609756097562,92.66495275018019,92.11087420042644
2,234,0.1408208049694474,92.81707727142695,92.76965144456953,cartoon,91.62579843583913,94.60146554133436,95.4954954954955,92.22396783710731,92.19512195121952,91.62579843583913,90.6183368869936
3,234,0.12079836501198637,93.16186621449758,92.85455615269957,art_painting,90.03227829296473,96.49830243330447,96.69669669669669,90.03227829296473,89.75609756097562,92.9550179172235,92.11087420042644
4,234,0.09189759648255019,93.83654255002631,93.73698156006128,art_painting,91.55894311533066,96.44109230233475,96.996996996997,91.55894311533066,91.46341463414635,93.50959223241354,92.75053304904051
5,234,0.06803617656232046,93.2797937703296,93.02128172168216,art_painting,89.52436779390868,97.58950682866381,97.8978978978979,89.52436779390868,89.26829268292683,92.72550668841633,91.89765458422174
6,234,0.0696171385103749,93.8733331464844,93.8843877941075,art_painting,89.28767381313111,97.47147051366296,97.8978978978979,89.28767381313111,89.51219512195122,94.86085511265914,94.24307036247335
7,234,0.06471927454122046,92.82199213865476,92.88059498470857,art_painting,89.76452568128103,94.67741009867919,95.4954954954955,89.76452568128103,89.75609756097562,94.0240406360041,93.39019189765459
8,234,0.04520721919787973,90.55075270803714,90.53475494320053,art_painting,84.22692909063814,94.08722516312842,95.1951951951952,84.22692909063814,83.65853658536585,93.33810387034484,92.75053304904051
9,234,0.06123924379920563,90.6274048271939,90.49261284790953,art_painting,88.38282845430506,94.76442924061972,95.7957957957958,88.38282845430506,88.04878048780488,88.73495678665692,87.63326226012794
10,234,0.07845759792803425,91.8546108206062,92.02719647204542,art_painting,87.95453506087651,94.66332349600437,95.4954954954955,87.95453506087651,88.04878048780488,92.9459739049377,92.53731343283582
11,234,0.06264148081683167,93.22076974388632,93.21323403594972,art_painting,91.17673800238704,95.37618278061764,96.09609609609609,91.17673800238704,91.21951219512195,93.1093884486543,92.32409381663112
