filename,content_class,style_class,content_class_name,style_class_name,content_image_id,style_image_id,pair_id,direction,alpha,accepted,rejection_reason
airplane__ship__airplane_shape__ship_texture__test_03455__test_05694.png,0,8,airplane,ship,test_03455,test_05694,airplane__ship,airplane_shape__ship_texture,1.0,True,
airplane__ship__airplane_shape__ship_texture__test_00003__test_01833.png,0,8,airplane,ship,test_00003,test_01833,airplane__ship,airplane_shape__ship_texture,1.0,True,
airplane__ship__airplane_shape__ship_texture__test_06986__test_00962.png,0,8,airplane,ship,test_06986,test_00962,airplane__ship,airplane_shape__ship_texture,1.0,True,
airplane__ship__airplane_shape__ship_texture__test_07009__test_07810.png,0,8,airplane,ship,test_07009,test_07810,airplane__ship,airplane_shape__ship_texture,1.0,True,
airplane__ship__airplane_shape__ship_texture__test_04785__test_04177.png,0,8,airplane,ship,test_04785,test_04177,airplane__ship,airplane_shape__ship_texture,1.0,True,
airplane__ship__airplane_shape__ship_texture__test_01175__test_02230.png,0,8,airplane,ship,test_01175,test_02230,airplane__ship,airplane_shape__ship_texture,1.0,True,
airplane__ship__airplane_shape__ship_texture__test_03876__test_07999.png,0,8,airplane,ship,test_03876,test_07999,airplane__ship,airplane_shape__ship_texture,1.0,True,
airplane__ship__airplane_shape__ship_texture__test_05912__test_02340.png,0,8,airplane,ship,test_05912,test_02340,airplane__ship,airplane_shape__ship_texture,1.0,True,
airplane__ship__airplane_shape__ship_texture__test_06844__test_00194.png,0,8,airplane,ship,test_06844,test_00194,airplane__ship,airplane_shape__ship_texture,1.0,True,
airplane__ship__airplane_shape__ship_texture__test_06437__test_05705.png,0,8,airplane,ship,test_06437,test_05705,airplane__ship,airplane_shape__ship_texture,1.0,True,
airplane__ship__airplane_shape__ship_texture__test_04819__test_03157.png,0,8,airplane,ship,test_04819,test_03157,airplane__ship,airplane_shape__ship_texture,1.0,True,
airplane__ship__airplane_shape__ship_texture__test_07150__test_07138.png,0,8,airplane,ship,test_07150,test_07138,airplane__ship,airplane_shape__ship_texture,1.0,True,
airplane__ship__airplane_shape__ship_texture__test_02888__test_05525.png,0,8,airplane,ship,test_02888,test_05525,airplane__ship,airplane_shape__ship_texture,1.0,True,
airplane__ship__airplane_shape__ship_texture__test_02750__test_01247.png,0,8,airplane,ship,test_02750,test_01247,airplane__ship,airplane_shape__ship_texture,1.0,True,
airplane__ship__airplane_shape__ship_texture__test_04675__test_04170.png,0,8,airplane,ship,test_04675,test_04170,airplane__ship,airplane_shape__ship_texture,1.0,True,
airplane__ship__airplane_shape__ship_texture__test_07262__test_04662.png,0,8,airplane,ship,test_07262,test_04662,airplane__ship,airplane_shape__ship_texture,1.0,True,
airplane__ship__airplane_shape__ship_texture__test_01648__test_06434.png,0,8,airplane,ship,test_01648,test_06434,airplane__ship,airplane_shape__ship_texture,1.0,True,
airplane__ship__airplane_shape__ship_texture__test_04539__test_01640.png,0,8,airplane,ship,test_04539,test_01640,airplane__ship,airplane_shape__ship_texture,1.0,True,
airplane__ship__airplane_shape__ship_texture__test_06455__test_05451.png,0,8,airplane,ship,test_06455,test_05451,airplane__ship,airplane_shape__ship_texture,1.0,True,
airplane__ship__airplane_shape__ship_texture__test_01553__test_04069.png,0,8,airplane,ship,test_01553,test_04069,airplane__ship,airplane_shape__ship_texture,1.0,True,
airplane__ship__airplane_shape__ship_texture__test_02024__test_05000.png,0,8,airplane,ship,test_02024,test_05000,airplane__ship,airplane_shape__ship_texture,1.0,True,
airplane__ship__airplane_shape__ship_texture__test_03347__test_07460.png,0,8,airplane,ship,test_03347,test_07460,airplane__ship,airplane_shape__ship_texture,1.0,True,
airplane__ship__airplane_shape__ship_texture__test_04615__test_04311.png,0,8,airplane,ship,test_04615,test_04311,airplane__ship,airplane_shape__ship_texture,1.0,True,
airplane__ship__airplane_shape__ship_texture__test_04617__test_02342.png,0,8,airplane,ship,test_04617,test_02342,airplane__ship,airplane_shape__ship_texture,1.0,True,
airplane__ship__ship_shape__airplane_texture__test_00667__test_01977.png,8,0,ship,airplane,test_00667,test_01977,airplane__ship,ship_shape__airplane_texture,1.0,True,
airplane__ship__ship_shape__airplane_texture__test_05694__test_07465.png,8,0,ship,airplane,test_05694,test_07465,airplane__ship,ship_shape__airplane_texture,1.0,True,
airplane__ship__ship_shape__airplane_texture__test_02109__test_03455.png,8,0,ship,airplane,test_02109,test_03455,airplane__ship,ship_shape__airplane_texture,1.0,True,
airplane__ship__ship_shape__airplane_texture__test_07999__test_07372.png,8,0,ship,airplane,test_07999,test_07372,airplane__ship,ship_shape__airplane_texture,1.0,False,saturation_collapse(4.8)
airplane__ship__ship_shape__airplane_texture__test_05525__test_05912.png,8,0,ship,airplane,test_05525,test_05912,airplane__ship,ship_shape__airplane_texture,1.0,True,
airplane__ship__ship_shape__airplane_texture__test_00194__test_07373.png,8,0,ship,airplane,test_00194,test_07373,airplane__ship,ship_shape__airplane_texture,1.0,True,
airplane__ship__ship_shape__airplane_texture__test_04552__test_03876.png,8,0,ship,airplane,test_04552,test_03876,airplane__ship,ship_shape__airplane_texture,1.0,True,
airplane__ship__ship_shape__airplane_texture__test_07818__test_03437.png,8,0,ship,airplane,test_07818,test_03437,airplane__ship,ship_shape__airplane_texture,1.0,True,
airplane__ship__ship_shape__airplane_texture__test_00716__test_01596.png,8,0,ship,airplane,test_00716,test_01596,airplane__ship,ship_shape__airplane_texture,1.0,True,
airplane__ship__ship_shape__airplane_texture__test_07446__test_04675.png,8,0,ship,airplane,test_07446,test_04675,airplane__ship,ship_shape__airplane_texture,1.0,True,
airplane__ship__ship_shape__airplane_texture__test_04662__test_01553.png,8,0,ship,airplane,test_04662,test_01553,airplane__ship,ship_shape__airplane_texture,1.0,True,
airplane__ship__ship_shape__airplane_texture__test_05000__test_01175.png,8,0,ship,airplane,test_05000,test_01175,airplane__ship,ship_shape__airplane_texture,1.0,True,
airplane__ship__ship_shape__airplane_texture__test_01247__test_05999.png,8,0,ship,airplane,test_01247,test_05999,airplane__ship,ship_shape__airplane_texture,1.0,True,
airplane__ship__ship_shape__airplane_texture__test_01640__test_07009.png,8,0,ship,airplane,test_01640,test_07009,airplane__ship,ship_shape__airplane_texture,1.0,True,
airplane__ship__ship_shape__airplane_texture__test_05705__test_06609.png,8,0,ship,airplane,test_05705,test_06609,airplane__ship,ship_shape__airplane_texture,1.0,True,
airplane__ship__ship_shape__airplane_texture__test_03157__test_06437.png,8,0,ship,airplane,test_03157,test_06437,airplane__ship,ship_shape__airplane_texture,1.0,True,
airplane__ship__ship_shape__airplane_texture__test_04676__test_02750.png,8,0,ship,airplane,test_04676,test_02750,airplane__ship,ship_shape__airplane_texture,1.0,True,
airplane__ship__ship_shape__airplane_texture__test_01833__test_04399.png,8,0,ship,airplane,test_01833,test_04399,airplane__ship,ship_shape__airplane_texture,1.0,True,
airplane__ship__ship_shape__airplane_texture__test_04311__test_07320.png,8,0,ship,airplane,test_04311,test_07320,airplane__ship,ship_shape__airplane_texture,1.0,True,
airplane__ship__ship_shape__airplane_texture__test_04069__test_02888.png,8,0,ship,airplane,test_04069,test_02888,airplane__ship,ship_shape__airplane_texture,1.0,True,
airplane__ship__ship_shape__airplane_texture__test_04177__test_00003.png,8,0,ship,airplane,test_04177,test_00003,airplane__ship,ship_shape__airplane_texture,1.0,True,
airplane__ship__ship_shape__airplane_texture__test_02230__test_06986.png,8,0,ship,airplane,test_02230,test_06986,airplane__ship,ship_shape__airplane_texture,1.0,True,
airplane__ship__ship_shape__airplane_texture__test_02191__test_02242.png,8,0,ship,airplane,test_02191,test_02242,airplane__ship,ship_shape__airplane_texture,1.0,True,
airplane__ship__ship_shape__airplane_texture__test_07875__test_04130.png,8,0,ship,airplane,test_07875,test_04130,airplane__ship,ship_shape__airplane_texture,1.0,True,
bird__deer__bird_shape__deer_texture__test_04640__test_07610.png,1,4,bird,deer,test_04640,test_07610,bird__deer,bird_shape__deer_texture,1.0,True,
bird__deer__bird_shape__deer_texture__test_01852__test_03078.png,1,4,bird,deer,test_01852,test_03078,bird__deer,bird_shape__deer_texture,1.0,True,
bird__deer__bird_shape__deer_texture__test_06938__test_00506.png,1,4,bird,deer,test_06938,test_00506,bird__deer,bird_shape__deer_texture,1.0,True,
bird__deer__bird_shape__deer_texture__test_00198__test_00855.png,1,4,bird,deer,test_00198,test_00855,bird__deer,bird_shape__deer_texture,1.0,True,
bird__deer__bird_shape__deer_texture__test_00116__test_02757.png,1,4,bird,deer,test_00116,test_02757,bird__deer,bird_shape__deer_texture,1.0,True,
bird__deer__bird_shape__deer_texture__test_03937__test_03891.png,1,4,bird,deer,test_03937,test_03891,bird__deer,bird_shape__deer_texture,1.0,True,
bird__deer__bird_shape__deer_texture__test_06594__test_04642.png,1,4,bird,deer,test_06594,test_04642,bird__deer,bird_shape__deer_texture,1.0,True,
bird__deer__bird_shape__deer_texture__test_00095__test_03179.png,1,4,bird,deer,test_00095,test_03179,bird__deer,bird_shape__deer_texture,1.0,True,
bird__deer__bird_shape__deer_texture__test_01871__test_06528.png,1,4,bird,deer,test_01871,test_06528,bird__deer,bird_shape__deer_texture,1.0,True,
bird__deer__bird_shape__deer_texture__test_05092__test_01211.png,1,4,bird,deer,test_05092,test_01211,bird__deer,bird_shape__deer_texture,1.0,True,
bird__deer__bird_shape__deer_texture__test_01986__test_06508.png,1,4,bird,deer,test_01986,test_06508,bird__deer,bird_shape__deer_texture,1.0,True,
bird__deer__bird_shape__deer_texture__test_07033__test_05213.png,1,4,bird,deer,test_07033,test_05213,bird__deer,bird_shape__deer_texture,1.0,True,
bird__deer__bird_shape__deer_texture__test_07390__test_03512.png,1,4,bird,deer,test_07390,test_03512,bird__deer,bird_shape__deer_texture,1.0,True,
bird__deer__bird_shape__deer_texture__test_02687__test_05623.png,1,4,bird,deer,test_02687,test_05623,bird__deer,bird_shape__deer_texture,1.0,True,
bird__deer__bird_shape__deer_texture__test_03491__test_02399.png,1,4,bird,deer,test_03491,test_02399,bird__deer,bird_shape__deer_texture,1.0,True,
bird__deer__bird_shape__deer_texture__test_01109__test_03763.png,1,4,bird,deer,test_01109,test_03763,bird__deer,bird_shape__deer_texture,1.0,True,
bird__deer__bird_shape__deer_texture__test_05488__test_06288.png,1,4,bird,deer,test_05488,test_06288,bird__deer,bird_shape__deer_texture,1.0,True,
bird__deer__bird_shape__deer_texture__test_02070__test_07864.png,1,4,bird,deer,test_02070,test_07864,bird__deer,bird_shape__deer_texture,1.0,True,
bird__deer__bird_shape__deer_texture__test_02095__test_03287.png,1,4,bird,deer,test_02095,test_03287,bird__deer,bird_shape__deer_texture,1.0,True,
bird__deer__bird_shape__deer_texture__test_00825__test_04629.png,1,4,bird,deer,test_00825,test_04629,bird__deer,bird_shape__deer_texture,1.0,True,
bird__deer__bird_shape__deer_texture__test_06076__test_03122.png,1,4,bird,deer,test_06076,test_03122,bird__deer,bird_shape__deer_texture,1.0,True,
bird__deer__bird_shape__deer_texture__test_01568__test_01124.png,1,4,bird,deer,test_01568,test_01124,bird__deer,bird_shape__deer_texture,1.0,True,
bird__deer__bird_shape__deer_texture__test_05123__test_03458.png,1,4,bird,deer,test_05123,test_03458,bird__deer,bird_shape__deer_texture,1.0,True,
bird__deer__bird_shape__deer_texture__test_06733__test_03034.png,1,4,bird,deer,test_06733,test_03034,bird__deer,bird_shape__deer_texture,1.0,True,
bird__deer__deer_shape__bird_texture__test_03458__test_06076.png,4,1,deer,bird,test_03458,test_06076,bird__deer,deer_shape__bird_texture,1.0,True,
bird__deer__deer_shape__bird_texture__test_05135__test_06169.png,4,1,deer,bird,test_05135,test_06169,bird__deer,deer_shape__bird_texture,1.0,True,
bird__deer__deer_shape__bird_texture__test_05402__test_01109.png,4,1,deer,bird,test_05402,test_01109,bird__deer,deer_shape__bird_texture,1.0,True,
bird__deer__deer_shape__bird_texture__test_00691__test_01230.png,4,1,deer,bird,test_00691,test_01230,bird__deer,deer_shape__bird_texture,1.0,True,
bird__deer__deer_shape__bird_texture__test_05213__test_03491.png,4,1,deer,bird,test_05213,test_03491,bird__deer,deer_shape__bird_texture,1.0,True,
bird__deer__deer_shape__bird_texture__test_01429__test_05488.png,4,1,deer,bird,test_01429,test_05488,bird__deer,deer_shape__bird_texture,1.0,True,
bird__deer__deer_shape__bird_texture__test_01211__test_03550.png,4,1,deer,bird,test_01211,test_03550,bird__deer,deer_shape__bird_texture,1.0,True,
bird__deer__deer_shape__bird_texture__test_05077__test_02157.png,4,1,deer,bird,test_05077,test_02157,bird__deer,deer_shape__bird_texture,1.0,True,
bird__deer__deer_shape__bird_texture__test_05789__test_01871.png,4,1,deer,bird,test_05789,test_01871,bird__deer,deer_shape__bird_texture,1.0,True,
bird__deer__deer_shape__bird_texture__test_06288__test_02070.png,4,1,deer,bird,test_06288,test_02070,bird__deer,deer_shape__bird_texture,1.0,True,
bird__deer__deer_shape__bird_texture__test_06033__test_01090.png,4,1,deer,bird,test_06033,test_01090,bird__deer,deer_shape__bird_texture,1.0,True,
bird__deer__deer_shape__bird_texture__test_01960__test_06954.png,4,1,deer,bird,test_01960,test_06954,bird__deer,deer_shape__bird_texture,1.0,True,
bird__deer__deer_shape__bird_texture__test_03122__test_05560.png,4,1,deer,bird,test_03122,test_05560,bird__deer,deer_shape__bird_texture,1.0,True,
bird__deer__deer_shape__bird_texture__test_01266__test_07033.png,4,1,deer,bird,test_01266,test_07033,bird__deer,deer_shape__bird_texture,1.0,True,
bird__deer__deer_shape__bird_texture__test_04642__test_02116.png,4,1,deer,bird,test_04642,test_02116,bird__deer,deer_shape__bird_texture,1.0,True,
bird__deer__deer_shape__bird_texture__test_04629__test_00825.png,4,1,deer,bird,test_04629,test_00825,bird__deer,deer_shape__bird_texture,1.0,True,
bird__deer__deer_shape__bird_texture__test_05467__test_03937.png,4,1,deer,bird,test_05467,test_03937,bird__deer,deer_shape__bird_texture,1.0,True,
bird__deer__deer_shape__bird_texture__test_00766__test_06349.png,4,1,deer,bird,test_00766,test_06349,bird__deer,deer_shape__bird_texture,1.0,True,
bird__deer__deer_shape__bird_texture__test_05556__test_06938.png,4,1,deer,bird,test_05556,test_06938,bird__deer,deer_shape__bird_texture,1.0,True,
bird__deer__deer_shape__bird_texture__test_03034__test_01993.png,4,1,deer,bird,test_03034,test_01993,bird__deer,deer_shape__bird_texture,1.0,True,
bird__deer__deer_shape__bird_texture__test_03365__test_05256.png,4,1,deer,bird,test_03365,test_05256,bird__deer,deer_shape__bird_texture,1.0,True,
bird__deer__deer_shape__bird_texture__test_03763__test_07202.png,4,1,deer,bird,test_03763,test_07202,bird__deer,deer_shape__bird_texture,1.0,True,
bird__deer__deer_shape__bird_texture__test_07944__test_00261.png,4,1,deer,bird,test_07944,test_00261,bird__deer,deer_shape__bird_texture,1.0,True,
bird__deer__deer_shape__bird_texture__test_02399__test_06836.png,4,1,deer,bird,test_02399,test_06836,bird__deer,deer_shape__bird_texture,1.0,True,
bird__truck__bird_shape__truck_texture__test_03079__test_07544.png,1,9,bird,truck,test_03079,test_07544,bird__truck,bird_shape__truck_texture,1.0,True,
bird__truck__bird_shape__truck_texture__test_05488__test_01654.png,1,9,bird,truck,test_05488,test_01654,bird__truck,bird_shape__truck_texture,1.0,True,
bird__truck__bird_shape__truck_texture__test_01115__test_02062.png,1,9,bird,truck,test_01115,test_02062,bird__truck,bird_shape__truck_texture,1.0,True,
bird__truck__bird_shape__truck_texture__test_01090__test_02167.png,1,9,bird,truck,test_01090,test_02167,bird__truck,bird_shape__truck_texture,1.0,True,
bird__truck__bird_shape__truck_texture__test_00095__test_03318.png,1,9,bird,truck,test_00095,test_03318,bird__truck,bird_shape__truck_texture,1.0,True,
bird__truck__bird_shape__truck_texture__test_01568__test_05572.png,1,9,bird,truck,test_01568,test_05572,bird__truck,bird_shape__truck_texture,1.0,True,
bird__truck__bird_shape__truck_texture__test_02178__test_00603.png,1,9,bird,truck,test_02178,test_00603,bird__truck,bird_shape__truck_texture,1.0,True,
bird__truck__bird_shape__truck_texture__test_05560__test_07380.png,1,9,bird,truck,test_05560,test_07380,bird__truck,bird_shape__truck_texture,1.0,True,
bird__truck__bird_shape__truck_texture__test_04640__test_00303.png,1,9,bird,truck,test_04640,test_00303,bird__truck,bird_shape__truck_texture,1.0,True,
bird__truck__bird_shape__truck_texture__test_01852__test_01022.png,1,9,bird,truck,test_01852,test_01022,bird__truck,bird_shape__truck_texture,1.0,True,
bird__truck__bird_shape__truck_texture__test_05256__test_01836.png,1,9,bird,truck,test_05256,test_01836,bird__truck,bird_shape__truck_texture,1.0,True,
bird__truck__bird_shape__truck_texture__test_07029__test_00276.png,1,9,bird,truck,test_07029,test_00276,bird__truck,bird_shape__truck_texture,1.0,True,
bird__truck__bird_shape__truck_texture__test_05123__test_02114.png,1,9,bird,truck,test_05123,test_02114,bird__truck,bird_shape__truck_texture,1.0,True,
bird__truck__bird_shape__truck_texture__test_02095__test_07995.png,1,9,bird,truck,test_02095,test_07995,bird__truck,bird_shape__truck_texture,1.0,True,
bird__truck__bird_shape__truck_texture__test_05092__test_03893.png,1,9,bird,truck,test_05092,test_03893,bird__truck,bird_shape__truck_texture,1.0,True,
bird__truck__bird_shape__truck_texture__test_06349__test_03942.png,1,9,bird,truck,test_06349,test_03942,bird__truck,bird_shape__truck_texture,1.0,True,
bird__truck__bird_shape__truck_texture__test_00198__test_05284.png,1,9,bird,truck,test_00198,test_05284,bird__truck,bird_shape__truck_texture,1.0,True,
bird__truck__bird_shape__truck_texture__test_06954__test_02351.png,1,9,bird,truck,test_06954,test_02351,bird__truck,bird_shape__truck_texture,1.0,True,
bird__truck__bird_shape__truck_texture__test_06805__test_00805.png,1,9,bird,truck,test_06805,test_00805,bird__truck,bird_shape__truck_texture,1.0,True,
bird__truck__bird_shape__truck_texture__test_01986__test_07938.png,1,9,bird,truck,test_01986,test_07938,bird__truck,bird_shape__truck_texture,1.0,True,
bird__truck__bird_shape__truck_texture__test_03413__test_05981.png,1,9,bird,truck,test_03413,test_05981,bird__truck,bird_shape__truck_texture,1.0,True,
bird__truck__bird_shape__truck_texture__test_06076__test_07266.png,1,9,bird,truck,test_06076,test_07266,bird__truck,bird_shape__truck_texture,1.0,True,
bird__truck__bird_shape__truck_texture__test_06938__test_01515.png,1,9,bird,truck,test_06938,test_01515,bird__truck,bird_shape__truck_texture,1.0,True,
bird__truck__bird_shape__truck_texture__test_07033__test_00131.png,1,9,bird,truck,test_07033,test_00131,bird__truck,bird_shape__truck_texture,1.0,True,
bird__truck__truck_shape__bird_texture__test_02167__test_01993.png,9,1,truck,bird,test_02167,test_01993,bird__truck,truck_shape__bird_texture,1.0,True,
bird__truck__truck_shape__bird_texture__test_00419__test_01871.png,9,1,truck,bird,test_00419,test_01871,bird__truck,truck_shape__bird_texture,1.0,True,
bird__truck__truck_shape__bird_texture__test_05447__test_06836.png,9,1,truck,bird,test_05447,test_06836,bird__truck,truck_shape__bird_texture,1.0,True,
bird__truck__truck_shape__bird_texture__test_05284__test_01109.png,9,1,truck,bird,test_05284,test_01109,bird__truck,truck_shape__bird_texture,1.0,True,
bird__truck__truck_shape__bird_texture__test_02351__test_05488.png,9,1,truck,bird,test_02351,test_05488,bird__truck,truck_shape__bird_texture,1.0,True,
bird__truck__truck_shape__bird_texture__test_02655__test_06594.png,9,1,truck,bird,test_02655,test_06594,bird__truck,truck_shape__bird_texture,1.0,True,
bird__truck__truck_shape__bird_texture__test_05788__test_06733.png,9,1,truck,bird,test_05788,test_06733,bird__truck,truck_shape__bird_texture,1.0,True,
bird__truck__truck_shape__bird_texture__test_01515__test_03079.png,9,1,truck,bird,test_01515,test_03079,bird__truck,truck_shape__bird_texture,1.0,True,
bird__truck__truck_shape__bird_texture__test_07380__test_00198.png,9,1,truck,bird,test_07380,test_00198,bird__truck,truck_shape__bird_texture,1.0,True,
bird__truck__truck_shape__bird_texture__test_00805__test_02095.png,9,1,truck,bird,test_00805,test_02095,bird__truck,truck_shape__bird_texture,1.0,True,
bird__truck__truck_shape__bird_texture__test_03893__test_03937.png,9,1,truck,bird,test_03893,test_03937,bird__truck,truck_shape__bird_texture,1.0,True,
bird__truck__truck_shape__bird_texture__test_05452__test_03491.png,9,1,truck,bird,test_05452,test_03491,bird__truck,truck_shape__bird_texture,1.0,True,
bird__truck__truck_shape__bird_texture__test_05572__test_06805.png,9,1,truck,bird,test_05572,test_06805,bird__truck,truck_shape__bird_texture,1.0,True,
bird__truck__truck_shape__bird_texture__test_00276__test_01568.png,9,1,truck,bird,test_00276,test_01568,bird__truck,truck_shape__bird_texture,1.0,True,
bird__truck__truck_shape__bird_texture__test_05851__test_07029.png,9,1,truck,bird,test_05851,test_07029,bird__truck,truck_shape__bird_texture,1.0,True,
bird__truck__truck_shape__bird_texture__test_04449__test_05220.png,9,1,truck,bird,test_04449,test_05220,bird__truck,truck_shape__bird_texture,1.0,True,
bird__truck__truck_shape__bird_texture__test_05301__test_05092.png,9,1,truck,bird,test_05301,test_05092,bird__truck,truck_shape__bird_texture,1.0,True,
bird__truck__truck_shape__bird_texture__test_03318__test_00825.png,9,1,truck,bird,test_03318,test_00825,bird__truck,truck_shape__bird_texture,1.0,True,
bird__truck__truck_shape__bird_texture__test_04723__test_00095.png,9,1,truck,bird,test_04723,test_00095,bird__truck,truck_shape__bird_texture,1.0,True,
bird__truck__truck_shape__bird_texture__test_05915__test_02178.png,9,1,truck,bird,test_05915,test_02178,bird__truck,truck_shape__bird_texture,1.0,True,
bird__truck__truck_shape__bird_texture__test_03996__test_02070.png,9,1,truck,bird,test_03996,test_02070,bird__truck,truck_shape__bird_texture,1.0,True,
bird__truck__truck_shape__bird_texture__test_02414__test_00116.png,9,1,truck,bird,test_02414,test_00116,bird__truck,truck_shape__bird_texture,1.0,True,
bird__truck__truck_shape__bird_texture__test_01654__test_02157.png,9,1,truck,bird,test_01654,test_02157,bird__truck,truck_shape__bird_texture,1.0,True,
bird__truck__truck_shape__bird_texture__test_02011__test_00304.png,9,1,truck,bird,test_02011,test_00304,bird__truck,truck_shape__bird_texture,1.0,True,
dog__truck__dog_shape__truck_texture__test_02807__test_00419.png,5,9,dog,truck,test_02807,test_00419,dog__truck,dog_shape__truck_texture,1.0,True,
dog__truck__dog_shape__truck_texture__test_01552__test_03996.png,5,9,dog,truck,test_01552,test_03996,dog__truck,dog_shape__truck_texture,1.0,True,
dog__truck__dog_shape__truck_texture__test_02391__test_05788.png,5,9,dog,truck,test_02391,test_05788,dog__truck,dog_shape__truck_texture,1.0,True,
dog__truck__dog_shape__truck_texture__test_05924__test_05360.png,5,9,dog,truck,test_05924,test_05360,dog__truck,dog_shape__truck_texture,1.0,True,
dog__truck__dog_shape__truck_texture__test_03889__test_05301.png,5,9,dog,truck,test_03889,test_05301,dog__truck,dog_shape__truck_texture,1.0,True,
dog__truck__dog_shape__truck_texture__test_02265__test_02167.png,5,9,dog,truck,test_02265,test_02167,dog__truck,dog_shape__truck_texture,1.0,True,
dog__truck__dog_shape__truck_texture__test_04570__test_05447.png,5,9,dog,truck,test_04570,test_05447,dog__truck,dog_shape__truck_texture,1.0,True,
dog__truck__dog_shape__truck_texture__test_02766__test_01515.png,5,9,dog,truck,test_02766,test_01515,dog__truck,dog_shape__truck_texture,1.0,True,
dog__truck__dog_shape__truck_texture__test_02268__test_02414.png,5,9,dog,truck,test_02268,test_02414,dog__truck,dog_shape__truck_texture,1.0,True,
dog__truck__dog_shape__truck_texture__test_06224__test_01411.png,5,9,dog,truck,test_06224,test_01411,dog__truck,dog_shape__truck_texture,1.0,True,
dog__truck__dog_shape__truck_texture__test_07706__test_02351.png,5,9,dog,truck,test_07706,test_02351,dog__truck,dog_shape__truck_texture,1.0,True,
dog__truck__dog_shape__truck_texture__test_05381__test_07995.png,5,9,dog,truck,test_05381,test_07995,dog__truck,dog_shape__truck_texture,1.0,True,
dog__truck__dog_shape__truck_texture__test_00319__test_06931.png,5,9,dog,truck,test_00319,test_06931,dog__truck,dog_shape__truck_texture,1.0,True,
dog__truck__dog_shape__truck_texture__test_04966__test_00191.png,5,9,dog,truck,test_04966,test_00191,dog__truck,dog_shape__truck_texture,1.0,True,
dog__truck__dog_shape__truck_texture__test_02458__test_07752.png,5,9,dog,truck,test_02458,test_07752,dog__truck,dog_shape__truck_texture,1.0,True,
dog__truck__dog_shape__truck_texture__test_03852__test_00852.png,5,9,dog,truck,test_03852,test_00852,dog__truck,dog_shape__truck_texture,1.0,True,
dog__truck__dog_shape__truck_texture__test_00568__test_02062.png,5,9,dog,truck,test_00568,test_02062,dog__truck,dog_shape__truck_texture,1.0,True,
dog__truck__dog_shape__truck_texture__test_05701__test_02011.png,5,9,dog,truck,test_05701,test_02011,dog__truck,dog_shape__truck_texture,1.0,True,
dog__truck__dog_shape__truck_texture__test_06414__test_00303.png,5,9,dog,truck,test_06414,test_00303,dog__truck,dog_shape__truck_texture,1.0,True,
dog__truck__dog_shape__truck_texture__test_00097__test_00239.png,5,9,dog,truck,test_00097,test_00239,dog__truck,dog_shape__truck_texture,1.0,True,
dog__truck__dog_shape__truck_texture__test_06716__test_05981.png,5,9,dog,truck,test_06716,test_05981,dog__truck,dog_shape__truck_texture,1.0,True,
dog__truck__dog_shape__truck_texture__test_04547__test_07544.png,5,9,dog,truck,test_04547,test_07544,dog__truck,dog_shape__truck_texture,1.0,True,
dog__truck__dog_shape__truck_texture__test_03353__test_01654.png,5,9,dog,truck,test_03353,test_01654,dog__truck,dog_shape__truck_texture,1.0,True,
dog__truck__dog_shape__truck_texture__test_04850__test_05284.png,5,9,dog,truck,test_04850,test_05284,dog__truck,dog_shape__truck_texture,1.0,True,
dog__truck__truck_shape__dog_texture__test_05981__test_04953.png,9,5,truck,dog,test_05981,test_04953,dog__truck,truck_shape__dog_texture,1.0,True,
dog__truck__truck_shape__dog_texture__test_05447__test_06414.png,9,5,truck,dog,test_05447,test_06414,dog__truck,truck_shape__dog_texture,1.0,True,
dog__truck__truck_shape__dog_texture__test_07266__test_02623.png,9,5,truck,dog,test_07266,test_02623,dog__truck,truck_shape__dog_texture,1.0,True,
dog__truck__truck_shape__dog_texture__test_03942__test_07776.png,9,5,truck,dog,test_03942,test_07776,dog__truck,truck_shape__dog_texture,1.0,True,
dog__truck__truck_shape__dog_texture__test_04094__test_06989.png,9,5,truck,dog,test_04094,test_06989,dog__truck,truck_shape__dog_texture,1.0,True,
dog__truck__truck_shape__dog_texture__test_01411__test_04850.png,9,5,truck,dog,test_01411,test_04850,dog__truck,truck_shape__dog_texture,1.0,True,
dog__truck__truck_shape__dog_texture__test_02114__test_06922.png,9,5,truck,dog,test_02114,test_06922,dog__truck,truck_shape__dog_texture,1.0,True,
dog__truck__truck_shape__dog_texture__test_04723__test_02334.png,9,5,truck,dog,test_04723,test_02334,dog__truck,truck_shape__dog_texture,1.0,True,
dog__truck__truck_shape__dog_texture__test_05572__test_00685.png,9,5,truck,dog,test_05572,test_00685,dog__truck,truck_shape__dog_texture,1.0,True,
dog__truck__truck_shape__dog_texture__test_05284__test_00097.png,9,5,truck,dog,test_05284,test_00097,dog__truck,truck_shape__dog_texture,1.0,True,
dog__truck__truck_shape__dog_texture__test_07047__test_01552.png,9,5,truck,dog,test_07047,test_01552,dog__truck,truck_shape__dog_texture,1.0,True,
dog__truck__truck_shape__dog_texture__test_07995__test_04966.png,9,5,truck,dog,test_07995,test_04966,dog__truck,truck_shape__dog_texture,1.0,True,
dog__truck__truck_shape__dog_texture__test_02414__test_02265.png,9,5,truck,dog,test_02414,test_02265,dog__truck,truck_shape__dog_texture,1.0,True,
dog__truck__truck_shape__dog_texture__test_05360__test_05381.png,9,5,truck,dog,test_05360,test_05381,dog__truck,truck_shape__dog_texture,1.0,True,
dog__truck__truck_shape__dog_texture__test_07380__test_01095.png,9,5,truck,dog,test_07380,test_01095,dog__truck,truck_shape__dog_texture,1.0,True,
dog__truck__truck_shape__dog_texture__test_06931__test_00568.png,9,5,truck,dog,test_06931,test_00568,dog__truck,truck_shape__dog_texture,1.0,True,
dog__truck__truck_shape__dog_texture__test_01515__test_06224.png,9,5,truck,dog,test_01515,test_06224,dog__truck,truck_shape__dog_texture,1.0,True,
dog__truck__truck_shape__dog_texture__test_05452__test_00319.png,9,5,truck,dog,test_05452,test_00319,dog__truck,truck_shape__dog_texture,1.0,True,
dog__truck__truck_shape__dog_texture__test_02351__test_07041.png,9,5,truck,dog,test_02351,test_07041,dog__truck,truck_shape__dog_texture,1.0,True,
dog__truck__truck_shape__dog_texture__test_00303__test_02766.png,9,5,truck,dog,test_00303,test_02766,dog__truck,truck_shape__dog_texture,1.0,True,
dog__truck__truck_shape__dog_texture__test_07544__test_04570.png,9,5,truck,dog,test_07544,test_04570,dog__truck,truck_shape__dog_texture,1.0,True,
dog__truck__truck_shape__dog_texture__test_00805__test_02950.png,9,5,truck,dog,test_00805,test_02950,dog__truck,truck_shape__dog_texture,1.0,True,
dog__truck__truck_shape__dog_texture__test_00239__test_01877.png,9,5,truck,dog,test_00239,test_01877,dog__truck,truck_shape__dog_texture,1.0,True,
dog__truck__truck_shape__dog_texture__test_03996__test_06358.png,9,5,truck,dog,test_03996,test_06358,dog__truck,truck_shape__dog_texture,1.0,True,
monkey__ship__monkey_shape__ship_texture__test_01703__test_02109.png,7,8,monkey,ship,test_01703,test_02109,monkey__ship,monkey_shape__ship_texture,1.0,True,
monkey__ship__monkey_shape__ship_texture__test_06190__test_01954.png,7,8,monkey,ship,test_06190,test_01954,monkey__ship,monkey_shape__ship_texture,1.0,True,
monkey__ship__monkey_shape__ship_texture__test_05450__test_06434.png,7,8,monkey,ship,test_05450,test_06434,monkey__ship,monkey_shape__ship_texture,1.0,True,
monkey__ship__monkey_shape__ship_texture__test_00370__test_02844.png,7,8,monkey,ship,test_00370,test_02844,monkey__ship,monkey_shape__ship_texture,1.0,True,
monkey__ship__monkey_shape__ship_texture__test_03288__test_04662.png,7,8,monkey,ship,test_03288,test_04662,monkey__ship,monkey_shape__ship_texture,1.0,True,
monkey__ship__monkey_shape__ship_texture__test_06726__test_02342.png,7,8,monkey,ship,test_06726,test_02342,monkey__ship,monkey_shape__ship_texture,1.0,True,
monkey__ship__monkey_shape__ship_texture__test_04661__test_07476.png,7,8,monkey,ship,test_04661,test_07476,monkey__ship,monkey_shape__ship_texture,1.0,True,
monkey__ship__monkey_shape__ship_texture__test_01473__test_00739.png,7,8,monkey,ship,test_01473,test_00739,monkey__ship,monkey_shape__ship_texture,1.0,True,
monkey__ship__monkey_shape__ship_texture__test_01884__test_03157.png,7,8,monkey,ship,test_01884,test_03157,monkey__ship,monkey_shape__ship_texture,1.0,True,
monkey__ship__monkey_shape__ship_texture__test_03867__test_07810.png,7,8,monkey,ship,test_03867,test_07810,monkey__ship,monkey_shape__ship_texture,1.0,True,
monkey__ship__monkey_shape__ship_texture__test_01032__test_07818.png,7,8,monkey,ship,test_01032,test_07818,monkey__ship,monkey_shape__ship_texture,1.0,True,
monkey__ship__monkey_shape__ship_texture__test_04236__test_01247.png,7,8,monkey,ship,test_04236,test_01247,monkey__ship,monkey_shape__ship_texture,1.0,True,
monkey__ship__monkey_shape__ship_texture__test_01220__test_01129.png,7,8,monkey,ship,test_01220,test_01129,monkey__ship,monkey_shape__ship_texture,1.0,True,
monkey__ship__monkey_shape__ship_texture__test_01711__test_03948.png,7,8,monkey,ship,test_01711,test_03948,monkey__ship,monkey_shape__ship_texture,1.0,True,
monkey__ship__monkey_shape__ship_texture__test_02668__test_00151.png,7,8,monkey,ship,test_02668,test_00151,monkey__ship,monkey_shape__ship_texture,1.0,True,
monkey__ship__monkey_shape__ship_texture__test_05977__test_04552.png,7,8,monkey,ship,test_05977,test_04552,monkey__ship,monkey_shape__ship_texture,1.0,True,
monkey__ship__monkey_shape__ship_texture__test_01440__test_03412.png,7,8,monkey,ship,test_01440,test_03412,monkey__ship,monkey_shape__ship_texture,1.0,True,
monkey__ship__monkey_shape__ship_texture__test_02854__test_00716.png,7,8,monkey,ship,test_02854,test_00716,monkey__ship,monkey_shape__ship_texture,1.0,True,
monkey__ship__monkey_shape__ship_texture__test_03153__test_00962.png,7,8,monkey,ship,test_03153,test_00962,monkey__ship,monkey_shape__ship_texture,1.0,True,
monkey__ship__monkey_shape__ship_texture__test_03404__test_02745.png,7,8,monkey,ship,test_03404,test_02745,monkey__ship,monkey_shape__ship_texture,1.0,True,
monkey__ship__monkey_shape__ship_texture__test_05719__test_02230.png,7,8,monkey,ship,test_05719,test_02230,monkey__ship,monkey_shape__ship_texture,1.0,True,
monkey__ship__monkey_shape__ship_texture__test_05436__test_00706.png,7,8,monkey,ship,test_05436,test_00706,monkey__ship,monkey_shape__ship_texture,1.0,True,
monkey__ship__monkey_shape__ship_texture__test_04791__test_01833.png,7,8,monkey,ship,test_04791,test_01833,monkey__ship,monkey_shape__ship_texture,1.0,True,
monkey__ship__monkey_shape__ship_texture__test_01287__test_04355.png,7,8,monkey,ship,test_01287,test_04355,monkey__ship,monkey_shape__ship_texture,1.0,True,
monkey__ship__ship_shape__monkey_texture__test_06689__test_07835.png,8,7,ship,monkey,test_06689,test_07835,monkey__ship,ship_shape__monkey_texture,1.0,True,
monkey__ship__ship_shape__monkey_texture__test_07999__test_01579.png,8,7,ship,monkey,test_07999,test_01579,monkey__ship,ship_shape__monkey_texture,1.0,True,
monkey__ship__ship_shape__monkey_texture__test_03412__test_00269.png,8,7,ship,monkey,test_03412,test_00269,monkey__ship,ship_shape__monkey_texture,1.0,True,
monkey__ship__ship_shape__monkey_texture__test_02342__test_07081.png,8,7,ship,monkey,test_02342,test_07081,monkey__ship,ship_shape__monkey_texture,1.0,True,
monkey__ship__ship_shape__monkey_texture__test_04552__test_01287.png,8,7,ship,monkey,test_04552,test_01287,monkey__ship,ship_shape__monkey_texture,1.0,True,
monkey__ship__ship_shape__monkey_texture__test_01247__test_00323.png,8,7,ship,monkey,test_01247,test_00323,monkey__ship,ship_shape__monkey_texture,1.0,True,
monkey__ship__ship_shape__monkey_texture__test_00716__test_04661.png,8,7,ship,monkey,test_00716,test_04661,monkey__ship,ship_shape__monkey_texture,1.0,True,
monkey__ship__ship_shape__monkey_texture__test_01129__test_02668.png,8,7,ship,monkey,test_01129,test_02668,monkey__ship,ship_shape__monkey_texture,1.0,True,
monkey__ship__ship_shape__monkey_texture__test_07138__test_03446.png,8,7,ship,monkey,test_07138,test_03446,monkey__ship,ship_shape__monkey_texture,1.0,True,
monkey__ship__ship_shape__monkey_texture__test_02191__test_01296.png,8,7,ship,monkey,test_02191,test_01296,monkey__ship,ship_shape__monkey_texture,1.0,True,
monkey__ship__ship_shape__monkey_texture__test_04170__test_04236.png,8,7,ship,monkey,test_04170,test_04236,monkey__ship,ship_shape__monkey_texture,1.0,True,
monkey__ship__ship_shape__monkey_texture__test_05525__test_05848.png,8,7,ship,monkey,test_05525,test_05848,monkey__ship,ship_shape__monkey_texture,1.0,True,
monkey__ship__ship_shape__monkey_texture__test_02109__test_04403.png,8,7,ship,monkey,test_02109,test_04403,monkey__ship,ship_shape__monkey_texture,1.0,True,
monkey__ship__ship_shape__monkey_texture__test_04069__test_05450.png,8,7,ship,monkey,test_04069,test_05450,monkey__ship,ship_shape__monkey_texture,1.0,True,
monkey__ship__ship_shape__monkey_texture__test_07810__test_03867.png,8,7,ship,monkey,test_07810,test_03867,monkey__ship,ship_shape__monkey_texture,1.0,True,
monkey__ship__ship_shape__monkey_texture__test_04177__test_06650.png,8,7,ship,monkey,test_04177,test_06650,monkey__ship,ship_shape__monkey_texture,1.0,True,
monkey__ship__ship_shape__monkey_texture__test_05451__test_04704.png,8,7,ship,monkey,test_05451,test_04704,monkey__ship,ship_shape__monkey_texture,1.0,True,
monkey__ship__ship_shape__monkey_texture__test_05000__test_02854.png,8,7,ship,monkey,test_05000,test_02854,monkey__ship,ship_shape__monkey_texture,1.0,True,
monkey__ship__ship_shape__monkey_texture__test_04355__test_01473.png,8,7,ship,monkey,test_04355,test_01473,monkey__ship,ship_shape__monkey_texture,1.0,True,
monkey__ship__ship_shape__monkey_texture__test_07460__test_00029.png,8,7,ship,monkey,test_07460,test_00029,monkey__ship,ship_shape__monkey_texture,1.0,True,
monkey__ship__ship_shape__monkey_texture__test_02745__test_01884.png,8,7,ship,monkey,test_02745,test_01884,monkey__ship,ship_shape__monkey_texture,1.0,True,
monkey__ship__ship_shape__monkey_texture__test_00962__test_05977.png,8,7,ship,monkey,test_00962,test_05977,monkey__ship,ship_shape__monkey_texture,1.0,True,
monkey__ship__ship_shape__monkey_texture__test_05705__test_01440.png,8,7,ship,monkey,test_05705,test_01440,monkey__ship,ship_shape__monkey_texture,1.0,True,
monkey__ship__ship_shape__monkey_texture__test_07818__test_01032.png,8,7,ship,monkey,test_07818,test_01032,monkey__ship,ship_shape__monkey_texture,1.0,True,
