model,decision,filename,content_class,style_class,predicted_class,pair_id,direction
resnet50,shape,airplane__ship__airplane_shape__ship_texture__test_01175__test_02230.png,airplane,ship,airplane,airplane__ship,airplane_shape__ship_texture
resnet50,shape,airplane__ship__airplane_shape__ship_texture__test_05912__test_02340.png,airplane,ship,airplane,airplane__ship,airplane_shape__ship_texture
resnet50,shape,airplane__ship__airplane_shape__ship_texture__test_06437__test_05705.png,airplane,ship,airplane,airplane__ship,airplane_shape__ship_texture
resnet50,texture,airplane__ship__airplane_shape__ship_texture__test_03455__test_05694.png,airplane,ship,ship,airplane__ship,airplane_shape__ship_texture
resnet50,texture,airplane__ship__airplane_shape__ship_texture__test_00003__test_01833.png,airplane,ship,ship,airplane__ship,airplane_shape__ship_texture
resnet50,texture,airplane__ship__airplane_shape__ship_texture__test_06986__test_00962.png,airplane,ship,ship,airplane__ship,airplane_shape__ship_texture
resnet50,other,airplane__ship__airplane_shape__ship_texture__test_03876__test_07999.png,airplane,ship,truck,airplane__ship,airplane_shape__ship_texture
resnet50,other,airplane__ship__airplane_shape__ship_texture__test_04539__test_01640.png,airplane,ship,bird,airplane__ship,airplane_shape__ship_texture
resnet50,other,airplane__ship__airplane_shape__ship_texture__test_01553__test_04069.png,airplane,ship,bird,airplane__ship,airplane_shape__ship_texture
vit_b16,shape,airplane__ship__airplane_shape__ship_texture__test_03455__test_05694.png,airplane,ship,airplane,airplane__ship,airplane_shape__ship_texture
vit_b16,shape,airplane__ship__airplane_shape__ship_texture__test_00003__test_01833.png,airplane,ship,airplane,airplane__ship,airplane_shape__ship_texture
vit_b16,shape,airplane__ship__airplane_shape__ship_texture__test_06986__test_00962.png,airplane,ship,airplane,airplane__ship,airplane_shape__ship_texture
vit_b16,texture,airplane__ship__ship_shape__airplane_texture__test_00667__test_01977.png,ship,airplane,airplane,airplane__ship,ship_shape__airplane_texture
vit_b16,texture,airplane__ship__ship_shape__airplane_texture__test_05694__test_07465.png,ship,airplane,airplane,airplane__ship,ship_shape__airplane_texture
vit_b16,texture,airplane__ship__ship_shape__airplane_texture__test_02109__test_03455.png,ship,airplane,airplane,airplane__ship,ship_shape__airplane_texture
vit_b16,other,airplane__ship__airplane_shape__ship_texture__test_01553__test_04069.png,airplane,ship,bird,airplane__ship,airplane_shape__ship_texture
vit_b16,other,bird__deer__bird_shape__deer_texture__test_01109__test_03763.png,bird,deer,airplane,bird__deer,bird_shape__deer_texture
vit_b16,other,bird__deer__bird_shape__deer_texture__test_05488__test_06288.png,bird,deer,monkey,bird__deer,bird_shape__deer_texture
clip_vitb32,shape,airplane__ship__airplane_shape__ship_texture__test_03455__test_05694.png,airplane,ship,airplane,airplane__ship,airplane_shape__ship_texture
clip_vitb32,shape,airplane__ship__airplane_shape__ship_texture__test_00003__test_01833.png,airplane,ship,airplane,airplane__ship,airplane_shape__ship_texture
clip_vitb32,shape,airplane__ship__airplane_shape__ship_texture__test_06986__test_00962.png,airplane,ship,airplane,airplane__ship,airplane_shape__ship_texture
clip_vitb32,texture,airplane__ship__airplane_shape__ship_texture__test_06455__test_05451.png,airplane,ship,ship,airplane__ship,airplane_shape__ship_texture
clip_vitb32,texture,airplane__ship__ship_shape__airplane_texture__test_05694__test_07465.png,ship,airplane,airplane,airplane__ship,ship_shape__airplane_texture
clip_vitb32,texture,airplane__ship__ship_shape__airplane_texture__test_07818__test_03437.png,ship,airplane,airplane,airplane__ship,ship_shape__airplane_texture
clip_vitb32,other,airplane__ship__ship_shape__airplane_texture__test_00667__test_01977.png,ship,airplane,bird,airplane__ship,ship_shape__airplane_texture
clip_vitb32,other,airplane__ship__ship_shape__airplane_texture__test_05000__test_01175.png,ship,airplane,bird,airplane__ship,ship_shape__airplane_texture
clip_vitb32,other,airplane__ship__ship_shape__airplane_texture__test_01247__test_05999.png,ship,airplane,bird,airplane__ship,ship_shape__airplane_texture
