model,condition,accuracy,macro_f1,mean_max_confidence,consistency_vs_clean,accuracy_delta,n
resnet50,clean,97.39999999999999,97.41162586846919,0.9393489360809326,nan,nan,500
resnet50,grayscale,95.19999999999999,95.19955128344387,0.9334754347801208,95.39999999999999,-2.200000000000003,500
resnet50,hue90,92.60000000000001,92.5883566155082,0.9170262217521667,94.0,-4.799999999999983,500
resnet50,patch_shuffle,88.6,88.72732193079894,0.882789671421051,90.2,-8.799999999999997,500
resnet50,translate_8_up,97.39999999999999,97.40692039792215,0.9381943941116333,99.2,0.0,500
resnet50,translate_8_down,96.8,96.80711304605293,0.9363930821418762,99.0,-0.5999999999999943,500
resnet50,translate_8_left,97.39999999999999,97.41162586846919,0.9392967820167542,100.0,0.0,500
resnet50,translate_8_right,97.2,97.20558046200779,0.9375587105751038,99.2,-0.19999999999998863,500
resnet50,translate_16_up,97.0,96.99971874738495,0.9396948218345642,98.6,-0.3999999999999915,500
resnet50,translate_16_down,97.39999999999999,97.40935821902383,0.9306150078773499,99.6,0.0,500
resnet50,translate_16_left,96.8,96.80588697397633,0.9377086758613586,99.0,-0.5999999999999943,500
resnet50,translate_16_right,97.0,97.0075254584282,0.9312900900840759,99.2,-0.3999999999999915,500
resnet50,translate_32_up,97.0,97.02186628331224,0.9340118169784546,98.8,-0.3999999999999915,500
resnet50,translate_32_down,96.2,96.22700527297266,0.9255988597869873,98.4,-1.1999999999999886,500
resnet50,translate_32_left,96.8,96.80404859745757,0.9305301308631897,98.0,-0.5999999999999943,500
resnet50,translate_32_right,96.0,96.0207520256682,0.9293972849845886,98.4,-1.3999999999999915,500
vit_b16,clean,97.39999999999999,97.39143419744136,0.942643404006958,nan,nan,500
vit_b16,grayscale,95.6,95.58595806438078,0.9314936399459839,95.6,-1.7999999999999972,500
vit_b16,hue90,94.6,94.58628035560636,0.9051694273948669,94.6,-2.799999999999997,500
vit_b16,patch_shuffle,90.4,90.36899663364999,0.8526642918586731,91.2,-6.999999999999986,500
vit_b16,translate_8_up,97.6,97.58903107328496,0.9391303658485413,98.2,0.20000000000000284,500
vit_b16,translate_8_down,98.0,97.99167789528053,0.9412835836410522,99.0,0.6000000000000085,500
vit_b16,translate_8_left,97.6,97.59355445748656,0.9388086199760437,98.6,0.20000000000000284,500
vit_b16,translate_8_right,97.39999999999999,97.38745379940156,0.9401029944419861,98.8,0.0,500
vit_b16,translate_16_up,97.0,96.99067856114858,0.9397751688957214,98.6,-0.3999999999999915,500
vit_b16,translate_16_down,98.0,97.99169672069247,0.9373526573181152,99.0,0.6000000000000085,500
vit_b16,translate_16_left,97.0,96.98248769104116,0.9382858872413635,98.8,-0.3999999999999915,500
vit_b16,translate_16_right,97.0,96.99561951393217,0.940646767616272,99.0,-0.3999999999999915,500
vit_b16,translate_32_up,96.0,95.99694743349593,0.9315302968025208,97.6,-1.3999999999999915,500
vit_b16,translate_32_down,96.8,96.78937503026053,0.9311638474464417,97.6,-0.5999999999999943,500
vit_b16,translate_32_left,96.39999999999999,96.39229102431565,0.9308019876480103,98.2,-1.0,500
vit_b16,translate_32_right,95.8,95.80278526386073,0.9365373849868774,97.8,-1.5999999999999943,500
clip_vitb32,clean,98.4,98.40160592639411,0.2741275727748871,nan,nan,500
clip_vitb32,grayscale,96.2,96.20835378421503,0.2546839714050293,96.8,-2.200000000000003,500
clip_vitb32,hue90,96.0,95.99451185063029,0.24675607681274414,96.6,-2.4000000000000057,500
clip_vitb32,patch_shuffle,83.8,83.73256584379848,0.19937226176261902,84.0,-14.600000000000009,500
clip_vitb32,translate_8_up,98.2,98.205600464008,0.2721754312515259,98.6,-0.20000000000000284,500
clip_vitb32,translate_8_down,98.6,98.6019401940194,0.2731613218784332,99.4,0.19999999999998863,500
clip_vitb32,translate_8_left,98.0,97.99655890928459,0.2727454900741577,99.2,-0.4000000000000057,500
clip_vitb32,translate_8_right,98.4,98.39954449576126,0.2714560329914093,99.2,0.0,500
clip_vitb32,translate_16_up,97.8,97.79946326314818,0.2697763741016388,99.0,-0.6000000000000085,500
clip_vitb32,translate_16_down,98.2,98.2019601960196,0.27002227306365967,99.0,-0.20000000000000284,500
clip_vitb32,translate_16_left,97.39999999999999,97.39144488832483,0.26781129837036133,98.2,-1.0000000000000142,500
clip_vitb32,translate_16_right,98.6,98.60181895740595,0.2676409184932709,98.6,0.19999999999998863,500
clip_vitb32,translate_32_up,97.0,96.99038322700116,0.2644358277320862,98.2,-1.4000000000000057,500
clip_vitb32,translate_32_down,97.39999999999999,97.41289383678,0.2641738951206207,99.0,-1.0000000000000142,500
clip_vitb32,translate_32_left,97.0,97.01316544094689,0.26434797048568726,98.6,-1.4000000000000057,500
clip_vitb32,translate_32_right,97.2,97.18806494381286,0.2642768621444702,98.4,-1.2000000000000028,500
clip_zeroshot,clean,98.0,97.98839921143818,0.9547560811042786,nan,nan,500
