model,condition,cosine_stability,std,n,n_degenerate
resnet50,grayscale,0.7884371191886059,0.0978412529108775,500,0
resnet50,hue90,0.7595057164870123,0.11477794703018465,500,0
resnet50,patch_shuffle,0.7150724955556919,0.07545143945613106,500,0
resnet50,cue_conflict,0.2685899247505544,0.16828886699930543,239,0
vit_b16,grayscale,0.7393350515267785,0.12604109593886398,500,0
vit_b16,hue90,0.7180622101351878,0.13917626502762961,500,0
vit_b16,patch_shuffle,0.6493921429416182,0.11418667003558386,500,0
vit_b16,cue_conflict,0.25978706441532484,0.21291723385875694,239,0
clip_vitb32,grayscale,0.898299380370898,0.039696560308096075,500,0
clip_vitb32,hue90,0.8933927052927754,0.04932415271331564,500,0
clip_vitb32,patch_shuffle,0.7294387765184868,0.062170749120973756,500,0
clip_vitb32,cue_conflict,0.6618691832700904,0.09821068098979947,239,0
