group,unknown_class,predicted_known_class,score,threshold,margin
near,bus,truck,-12.706032752990723,-5.735303378105163,6.970729374885559
near,bus,truck,-12.116052627563477,-5.735303378105163,6.380749249458313
near,fox,dog,-11.848472595214844,-5.735303378105163,6.1131692171096805
near,bus,truck,-11.624589920043945,-5.735303378105163,5.889286541938782
near,pickup_truck,automobile,-11.522256851196289,-5.735303378105163,5.786953473091126
far,mushroom,cat,-11.281962394714355,-5.735303378105163,5.546659016609192
far,wardrobe,cat,-11.133801460266113,-5.735303378105163,5.39849808216095
far,bottle,cat,-11.072169303894043,-5.735303378105163,5.33686592578888
far,mushroom,dog,-10.937352180480957,-5.735303378105163,5.202048802375794
far,chair,airplane,-10.557441711425781,-5.735303378105163,4.822138333320618
