model,score,unknown_group,auroc,tau,known_acceptance,unknown_rejection,fpr_at_95_tpr,closed_set_accuracy
vanilla,msp,near,81.55746875,0.18733279519605278,95.22,26.125,73.875,94.83
vanilla,msp,far,90.17709999999998,0.18733279519605278,95.22,40.25,59.75,94.83
vanilla,msp,all,85.867284375,0.18733279519605278,95.22,33.1875,66.8125,94.83
vanilla,mls,near,79.95271875,-5.735303378105163,95.06,30.5,69.5,94.83
vanilla,mls,far,90.05438749999999,-5.735303378105163,95.06,49.5,50.5,94.83
vanilla,mls,all,85.00355312500001,-5.735303378105163,95.06,40.0,60.0,94.83
vanilla,energy,near,79.94554375,-5.959019600327999,95.22,31.25,68.75,94.83
vanilla,energy,far,90.11266250000001,-5.959019600327999,95.22,50.875,49.125,94.83
vanilla,energy,all,85.029103125,-5.959019600327999,95.22,41.0625,58.9375,94.83
vanilla,mahalanobis,near,79.79920625000001,2839.3863729832356,95.23,26.0,74.0,94.83
vanilla,mahalanobis,far,92.21386249999999,2839.3863729832356,95.23,51.875,48.125,94.83
vanilla,mahalanobis,all,86.00653437499999,2839.3863729832356,95.23,38.9375,61.0625,94.83
