epoch,steps,cls_loss,domain_loss,domain_acc,alpha,total_loss,mean_source_val_macro_f1,mean_source_val_accuracy,worst_source_domain,worst_source_macro_f1,val_macro_f1_photo,val_accuracy_photo,val_macro_f1_art_painting,val_accuracy_art_painting,val_macro_f1_cartoon,val_accuracy_cartoon
0,234,0.4806585142022779,0.399562144277888,0.802795602597742,0.08259749372920346,0.8802206573578027,91.23168725104809,90.88112971258221,art_painting,87.65631867013231,96.687650498796,97.2972972972973,87.65631867013231,87.07317073170732,89.35109258421596,88.27292110874201
1,234,0.23068198083271074,0.6013779957325031,0.6748575686644285,0.24405292477467377,0.8320599771462954,91.69603255326842,92.04187181617105,art_painting,88.16565206003449,93.5672718825366,94.5945945945946,88.16565206003449,88.78048780487805,93.3551737172342,92.75053304904051
2,234,0.15828867753346762,0.6774263420166113,0.5759437523591213,0.39304913925493223,0.8357150210784032,92.59820810910564,92.74754030123525,art_painting,90.51071797308582,95.0822528615834,95.7957957957958,90.51071797308582,90.97560975609757,92.20165349264768,91.47121535181236
3,234,0.1287492050390798,0.6900582876470354,0.5240384798783523,0.5239471604942247,0.8188074921440874,93.01954916041598,92.86312783218499,art_painting,89.42201552081458,96.57032968989665,96.996996996997,89.42201552081458,89.26829268292683,93.06630227053671,92.32409381663112
4,234,0.1072678275214325,0.6899217303492066,0.5306267980326954,0.6340601892946631,0.7971895579089466,92.3596046993017,92.2671712223951,art_painting,90.28450944493494,95.61122055214464,96.3963963963964,90.28450944493494,90.0,91.18308410082551,90.40511727078892
5,234,0.0981461237944388,0.692461664095903,0.5129985876827159,0.7233505902865627,0.7906077888786284,92.53668296561305,92.47873491047862,art_painting,89.28733224954615,96.16747508992017,96.69669669669669,89.28733224954615,89.26829268292683,92.15524155737282,91.47121535181236
6,234,0.12398676746340795,0.7032615629016844,0.5070334853779557,0.7936220362734042,0.8272483274977431,92.07836335641247,92.31645707801515,art_painting,89.50041346223385,93.80113982991357,94.5945945945946,89.50041346223385,90.2439024390244,92.93353677709,92.11087420042644
7,234,0.07819275351662366,0.6916883427363175,0.5049857657689315,0.8476327406613827,0.7698810971700228,93.87720497048424,93.90847865911572,art_painting,93.27477681752552,94.28982903878949,95.1951951951952,93.27477681752552,92.92682926829269,94.06700905513776,93.60341151385929
8,234,0.05338241082081834,0.6937410304179559,0.4988425975171929,0.8883944660344717,0.747123441635034,91.92175912348496,91.98813822403194,art_painting,87.89665366667731,96.7278675435111,97.2972972972973,87.89665366667731,88.04878048780488,91.1407561602665,90.6183368869936
9,234,0.05369963112466044,0.69147377824172,0.5060541338136053,0.9187349019615451,0.7451734097085447,93.38959264623197,93.4236618437565,art_painting,90.9888643792996,96.18914437735516,96.69669669669669,90.9888643792996,91.46341463414635,92.99076918204115,92.11087420042644
10,234,0.051090519183042055,0.693963065616086,0.5011574130537163,0.9410866065315814,0.7450535850137727,93.21304303440195,93.22014978731397,art_painting,90.27529132828172,95.97918380117247,96.69669669669669,90.27529132828172,90.0,93.38465397375167,92.96375266524521
11,234,0.04145729470216101,0.6927079703563299,0.5040064176433107,0.9574281111290014,0.7341652642457913,92.93088752389251,92.96767566880419,art_painting,89.82657526406109,95.71312422743554,96.3963963963964,89.82657526406109,89.75609756097562,93.25296308018088,92.75053304904051
12,234,0.060023027548197175,0.6932375588987627,0.4994658174423071,0.9693090734887378,0.7532605862515604,91.40164088089979,91.5357876988747,art_painting,89.51767450750901,93.07913816937821,94.29429429429429,89.51767450750901,89.26829268292683,91.60810996581216,91.04477611940298
