epoch,steps,cls_loss,rho,mean_source_val_macro_f1,mean_source_val_accuracy,worst_source_domain,worst_source_macro_f1,val_macro_f1_photo,val_accuracy_photo,val_macro_f1_art_painting,val_accuracy_art_painting,val_macro_f1_cartoon,val_accuracy_cartoon
0,234,0.850878971000003,0.050000000000000135,92.46319243656775,92.27626294972491,cartoon,89.73213200721443,96.15598734144353,96.69669669669669,91.50145796104532,91.21951219512195,89.73213200721443,88.91257995735607
1,234,0.2604938852799754,0.050000000000000135,93.29883459611482,93.20631828458549,cartoon,92.43416538956707,94.89536081376235,95.4954954954955,92.56697758501502,92.4390243902439,92.43416538956707,91.68443496801706
2,234,0.1664501406554865,0.050000000000000135,92.97865846336394,92.66065587143127,art_painting,90.99145441440537,96.59704671600477,96.996996996997,90.99145441440537,91.21951219512195,91.34747425968169,89.76545842217483
3,234,0.11805753675727253,0.050000000000000135,94.68987493142141,94.53976208253603,cartoon,93.70799356001184,96.60419912296895,96.996996996997,93.75743211128345,93.65853658536587,93.70799356001184,92.96375266524521
4,234,0.09040320808521639,0.050000000000000135,95.8621447836976,95.78446926826977,art_painting,94.40885044549218,97.54965874960006,97.8978978978979,94.40885044549218,94.14634146341463,95.62792515600057,95.3091684434968
5,234,0.05716567327722143,0.050000000000000135,94.33682426600929,94.25494921308537,art_painting,92.18735241439106,96.51970938934097,96.996996996997,92.18735241439106,91.95121951219512,94.30341099429586,93.81663113006397
6,234,0.06261449260438164,0.050000000000000135,94.83938991206867,94.80359968892914,art_painting,93.20414786696952,96.6358248647812,96.996996996997,93.20414786696952,93.17073170731707,94.67819700445527,94.24307036247335
7,234,0.038886365468780965,0.050000000000000135,94.4208880141286,94.36972465731112,art_painting,93.14545705917237,95.54901080482476,96.3963963963964,93.14545705917237,92.6829268292683,94.56819617838865,94.02985074626866
8,234,0.029200194250049993,0.050000000000000135,95.21954932333927,95.12549108471933,art_painting,92.9084340727474,97.18670663226197,97.5975975975976,92.9084340727474,92.6829268292683,95.56350726500843,95.0959488272921
9,234,0.02487869244432037,0.050000000000000135,95.98882536324352,95.87599768888447,art_painting,94.79501148575213,97.50114991525882,97.8978978978979,94.79501148575213,94.6341463414634,95.6703146887196,95.0959488272921
10,234,0.01682170303864305,0.050000000000000135,95.24230477204254,95.26929342364362,art_painting,93.35626376994898,96.9382692018948,97.2972972972973,93.35626376994898,93.41463414634147,95.43238134428387,95.0959488272921
11,234,0.014419206662432382,0.050000000000000135,94.18555228530954,94.24751341387673,art_painting,91.35844393453105,95.84394747243223,96.3963963963964,91.35844393453105,91.46341463414635,95.35426544896538,94.88272921108742
12,234,0.012918507534839934,0.050000000000000135,94.97753283834841,95.01681930513382,art_painting,93.0981974718667,96.37812445399491,96.996996996997,93.0981974718667,93.17073170731707,95.4562765891836,94.88272921108742
13,234,0.011294586307858715,0.050000000000000135,94.85024768411859,94.80359968892914,art_painting,93.33507580562694,96.55071990498556,96.996996996997,93.33507580562694,93.17073170731707,94.66494734174321,94.24307036247335
14,234,0.01077562970357786,0.050000000000000135,95.16291255986927,95.03396266410464,art_painting,92.68334900518809,97.1644462399744,97.5975975975976,92.68334900518809,92.19512195121952,95.64094243444534,95.3091684434968
