epoch,steps,cls_loss,mmd_loss,weighted_mmd,total_loss,mean_source_val_macro_f1,mean_source_val_accuracy,worst_source_domain,worst_source_macro_f1,val_macro_f1_photo,val_accuracy_photo,val_macro_f1_art_painting,val_accuracy_art_painting,val_macro_f1_cartoon,val_accuracy_cartoon
0,234,0.48525688889571744,0.21792273388968575,0.21792273388968575,0.7031796223078018,93.7897213046153,93.7109427280523,art_painting,91.13313242992191,98.02218128383461,98.1981981981982,91.13313242992191,91.46341463414635,92.21385020008938,91.47121535181236
1,234,0.20725592609463084,0.186029937532213,0.186029937532213,0.39328586316516256,89.9512868934991,90.70264814713305,art_painting,86.42236262634678,90.44831111080154,92.1921921921922,86.42236262634678,87.8048780487805,92.98318694334895,92.11087420042644
2,234,0.14697437225562385,0.17537206207585132,0.17537206207585132,0.32234643457027584,92.29895719361328,92.053431558346,art_painting,88.55074167527202,95.78052377922177,96.3963963963964,88.55074167527202,88.29268292682927,92.56560612634607,91.47121535181236
3,234,0.10866762896697237,0.1667457131239084,0.1667457131239084,0.27541334194760037,92.70511773425726,92.74536432526968,art_painting,87.9761597043008,95.72216625131952,96.09609609609609,87.9761597043008,88.53658536585365,94.41702724715147,93.60341151385929
4,234,0.08071559059441599,0.17099181607238248,0.17099181607238248,0.2517074068259989,94.83132156805056,94.69327198122248,art_painting,93.18279385979632,96.22189611630606,96.69669669669669,93.18279385979632,92.92682926829269,95.08927472804929,94.45628997867804
5,234,0.06997038500829257,0.16751250446352184,0.16751250446352184,0.23748289020015642,94.20631527731787,94.16786852898976,art_painting,91.95435973287319,95.53203890741982,96.09609609609609,91.95435973287319,91.95121951219512,95.13254719166059,94.45628997867804
6,234,0.08452310239195697,0.16734015992564014,0.16734015992564014,0.25186326243301743,93.20614918400223,93.22180571543511,art_painting,90.5386903419605,95.99032449081417,96.3963963963964,90.5386903419605,90.73170731707317,93.08943271923198,92.53731343283582
7,234,0.05866685222722908,0.16817153366202983,0.16817153366202983,0.2268383859569191,92.06001600771185,91.72709242603673,art_painting,88.74756725877768,96.17784056881801,96.69669669669669,88.74756725877768,88.29268292682927,91.25464019553986,90.19189765458422
8,234,0.052694087915727474,0.1629929853300763,0.1629929853300763,0.21568707293934292,92.22728636799268,92.01304117576414,art_painting,89.63392712447255,95.57780168520239,96.3963963963964,89.63392712447255,89.02439024390245,91.4701302943031,90.6183368869936
9,234,0.05986937552563146,0.16086179221797192,0.16086179221797192,0.22073116742520252,92.61572109079066,92.6688350423334,art_painting,90.2080319874081,92.37614718972397,93.09309309309309,90.2080319874081,90.2439024390244,95.26298409523991,94.66950959488273
